{
    "selected_features": [
        "months_no_sale",
        "special_orders_ytd",
        "rolling_3_month_sales",
        "cost_per_unit",
        "margin_percentage",
        "gross_profit",
        "seasonal_component"
    ],
    "best_hyperparameters": {
        "colsample_bytree": 0.8789632642627835,
        "gamma": 0.2631301838167067,
        "huber_slope": 0.2998909278382967,
        "learning_rate": 0.04319768621363935,
        "max_delta_step": 9,
        "max_depth": 10,
        "min_child_weight": 3,
        "n_estimators": 660,
        "reg_alpha": 0.01021238762847951,
        "reg_lambda": 1.9486025674605827,
        "subsample": 0.7354847996384664
    }
}