{
    "selected_features": [
        "months_no_sale",
        "special_orders_ytd",
        "cost_per_unit",
        "margin_percentage",
        "gross_profit",
        "90_days_supply",
        "90_day_turnover",
        "seasonal_component"
    ],
    "best_hyperparameters": {
        "colsample_bytree": 0.8996472445802671,
        "gamma": 0.27072356131656466,
        "huber_slope": 0.2937209098762322,
        "learning_rate": 0.046883768075141455,
        "max_delta_step": 10,
        "max_depth": 10,
        "min_child_weight": 3,
        "n_estimators": 650,
        "reg_alpha": 0.00019901251828925172,
        "reg_lambda": 1.4465731211355946,
        "subsample": 0.6632631151271113
    }
}