{
    "selected_features": [
        "normalized_seasonal_score",
        "margin",
        "quantity",
        "months_no_sale",
        "1m_days_supply",
        "days_of_inventory_outstanding"
    ],
    "best_hyperparameters": {
        "colsample_bytree": 0.7273930978130934,
        "gamma": 0.7854538165653077,
        "learning_rate": 0.049906682655900904,
        "max_delta_step": 10,
        "max_depth": 8,
        "min_child_weight": 5,
        "n_estimators": 750,
        "reg_alpha": 0.029466641813383234,
        "reg_lambda": 1.9927492067572259,
        "subsample": 0.910642191057096
    }
}