{
    "selected_features": [
        "turnover",
        "3m_turnover",
        "days_of_inventory_outstanding",
        "sales_trend"
    ],
    "best_hyperparameters": {
        "n_estimators": 218,
        "max_depth": 10,
        "learning_rate": 1.5520070570528797e-07,
        "subsample": 0.8650017867785434,
        "colsample_bytree": 0.8925103547025545,
        "reg_alpha": 0.13157508375269833,
        "reg_lambda": 0.10036146720714913,
        "min_child_weight": 2,
        "max_leaves": 238,
        "gamma": 2.252664145021033e-05
    },
    "best_calibration_method": "isotonic",
    "calibration_scores": {
        "sigmoid": {
            "brier_score": 0.23733670599463974,
            "log_loss": 0.6676023379011885,
            "auc": 0.04183977896745833,
            "precision": 0.0,
            "recall": 0.0,
            "f1": 0.0
        },
        "isotonic": {
            "brier_score": 0.04667852324550307,
            "log_loss": 0.16421816118758714,
            "auc": 0.9794849004733458,
            "precision": 0.9480968858131488,
            "recall": 0.9042904290429042,
            "f1": 0.9256756756756757
        },
        "null": {
            "brier_score": 0.23733338340332444,
            "log_loss": 0.6675953364115413,
            "auc": 0.8194361189772421,
            "precision": 0.0,
            "recall": 0.0,
            "f1": 0.0
        }
    }
}